Supervisory regulations of meeting affairs staff of industrial and commercial groups,工商團體會務工作人員管理辦法
"The ""Supervisory regulations of meeting affairs staff of industrial and commercial groups"" is stipulated in accordance with the provision of Article 66 under Civil Associations Act and that of Article 72 under Commercial Group Act.",本辦法依人民團體法第六十六條及商業團體法第七十二條規定訂定之。
The terms mentioned herein are defined as follows:,本辦法用詞，定義如下：
" Industrial and commercial groups refer to the industrial groups and mining groups established in accordance with Industrial Group Act, as well as the commercial groups established in accordance with Commercial Group Act. ",工商團體：指依工業團體法成立之工業團體、礦業團體及依商業團體法成立之商業團體。
"Meeting affairs staff refer to personnel appointed and employed by industrial and commercial groups to handle the meeting affairs, operations, financial affairs and personnel matters of the groups.",會務工作人員：指由工商團體聘僱承辦各該團體會務、業務、財務及人事等之工作人員。
"The meeting staff management set forth in these Regulations shall include staffing, employment, remuneration, service, attendance, layoff, severance, retirement, and consolation of the meeting staff.",本辦法所定會務工作人員管理，包括會務工作人員之編制、聘僱、待遇、服務、考勤、資遣、退職、退休及撫卹等事項。
"Industrial and commercial groups may define service rules of meeting affairs staff as the basis of supervision of the meeting affairs staff; however, the service rules shall not violate the compulsory or prohibited provisions of Labor Standards Act and the Supervisory Regulations.  ",工商團體得訂定會務工作人員服務規則，作為會務工作人員管理之依據。但不得違反勞動基準法及本辦法之強制或禁止規定。
"The service rules referred to in the preceding Paragraph, and amendments thereof, shall be implemented upon adoption by the board of directors and approval of the competent authority in consultation with the competent authority in charge of labor affairs.",前項服務規則於提經理事會通過，報請主管機關會商勞工行政主管機關核定後實施；修正時，亦同。
The staffing quotas of meeting affairs staff of industrial and commercial groups are titled as follows:,工商團體會務工作人員編制職稱如下：
" Industrial and commercial groups may include the following positions in their groups: Secretary General (Executive Secretary), Deputy Secretary General (Deputy Executive Secretary), Secretary, Team (Department) leader, Deputy Team (Department) leader, Director, Deputy Directors, Specialist, Officer, Assistant Officer, clerk, employees, etc. according to the actual needs; when there are more than ten meeting affairs staff in a group, a vice secretary-general should be appointed, and one more vice secretary-general for every twenty more staff of meeting affairs.",工商團體得置秘書長（總幹事）、副秘書長（副總幹事）、秘書、組（處）長、副組（處）長、主任、副主任、專員、幹事、助理幹事、辦事員、雇員。
Industrial and commercial groups may employ technical personnel or temporary staff according to their practical needs.,工商團體得視實際需要聘用技術人員或僱用臨時人員。
Industrial and commercial groups may include the position of Director if there are offices set up within the group. ,工商團體設有辦事處者，得置主任。
"The manning quotas and positions mentioned in Paragraph 1 and 2 shall be organized in accordance with the scale, financial capacity, and operational needs of the group, as well as decided by industrial and commercial groups on their own.","前二項編制員額及職稱，應配合團體規模、財力及業務需要，由各該團體
定之。"
"Industrial and commercial groups may set up teams, departments, or offices for meeting affairs, business operations, finance and planning, or other necessary units, according to their actual needs.","工商團體得視實際需要，設會務、業務、財務、企劃等組（處、室）或其
他必要之單位。"
Any of the following persons shall not be appointed or employed as meeting affairs staff:,有下列情事之一者，不得聘僱為會務工作人員：
"Those who have received a sentence to fixed-term imprisonment or above for a crime committed, yet have not begun to serve or have not finished serving their punishment (exclusive of those who have received suspended punishment).",因犯罪經判處有期徒刑以上之刑確定，尚未執行或執行未畢。但受緩刑宣告者，不在此限。
"Those who have received a verdict of violating security measures, yet have not begun to serve or have not finished serving their punishment. ",受保安處分裁定確定，尚未執行或執行未畢。
"Those who have declared bankruptcy, and have not regained their rights of property.",受破產之宣告，尚未復權。
"Those who have been placed under guardianship or under command, and have still remained under that status.",受監護或輔助之宣告，尚未撤銷。
Those who are incumbent directors or supervisors,現任理事或監事。
"Those who are spouses, or relatives by blood or by marriage within third degree of kinship, of the directors, supervisors, or Secretary General (Executive Secretary).",為現任理事、監事或秘書長（總幹事）之配偶或三親等以內血親、姻親。
"However, not subject to this restriction are those who have already been appointed or employed as meeting affairs staff before their spouses or relatives assume the position of director, supervisor, or Secretary General (Executive Secretary). ",但於該理事、監事、秘書長或總幹事任職前已聘用者，不在此限。
"Any meeting affairs staff, other than Secretary General (Executive Secretary) or Deputy Secretary General (Deputy Executive Secretary), shall satisfactorily go through a probation period first before their formal appointment or employment.","工商團體秘書長（總幹事）、副秘書長（副總幹事）以外會務工作人員之
聘用，應先予試用，並於試用期滿成績合格後，始予正式聘用"
"During probation, meeting staff who match one of the situations set forth in Article 11 of the Labor Standards Act may be dismissed.",試用期間如符合勞動基準法第十一條情事之一時，始得解聘。
"The above-mentioned probation period shall not exceed three months, and the probation period of meeting affairs staff shall be calculated into their seniority once they are employed formally.",前項試用期間不得逾三個月，並於正式聘用後列入服務年資計算。
The appointment/employment and dismissal/layoff of any meeting affairs staff of industrial and commercial groups shall be submitted by the Chairman of the Board of Directors to the Board of Directors for approval before submitting to relevant authorities for filing and reference.,"工商團體會務工作人員之聘僱與解聘（僱）由理事長提經理事會通過後，
報送主管機關備查。"
"Meeting affairs staff shall not be dismissed/laid off unless otherwise under the circumstances as mentioned in Articles 11, 12, or 13 of Labor Standards Law.","會務工作人員，除有勞動基準法第十一條、第十二條或第十三條但書情事
者外，不得解聘（僱）。"
The selection of meeting affairs staff is based on a public screening test. ,會務工作人員之遴選以公開甄試為原則。
Meeting affairs staff of industrial and commercial groups shall be appointed/ employed on a full-time basis.,工商團體會務工作人員以專任為原則
Meeting affairs staff can take a necessary part-time position at another industrial or commercial group only after approved by the Board of Directors. ,"其有兼任其他工商團體職務之必要
者，應經理事會同意。"
The qualifications and procedures of Articles 7 to 12 applicable to full-time positions shall be equally applicable to the above-mentioned part-time positions as per the job titles of such part-time positions.,"前項兼職人員之聘僱資格及程序，應依其所兼職務之職稱，準用第七條至
第十二條有關專任人員之規定。"
Financial affairs staff of industrial and commercial groups shall have their guarantors fill in guarantees for them prior to assuming their positions. Only after the guarantees are verified by the groups to be authentic can they assume the financial positions. Guarantees shall be verified by the groups once a year.,"工商團體財務人員應於到職前覓妥保證人及填具保證書，由團體派員對保
無誤後，始准到職，並應每年對保一次。"
The letter of guaranty referred to in the preceding Paragraph shall specify the matters for which the guarantor is responsible.,前項保證書應載明保證人應負保證責任之事項。
The letter of guaranty referred to in Paragraph 1 may be replaced by an employee’s fidelity bond insurance.,第一項之保證，得以投保員工誠實保證保險代之。
"If guarantors for financial affairs staff of industrial and commercial groups need to withdraw or change their guarantees, the subject financial affairs staff members shall find other guarantors within one month after the receipt of the notice of guarantee withdrawal/change informed by the groups (which is in turn notified by the guarantors) to properly complete new guarantees or the coverage of fidelity bond insurance.","工商團體財務人員之保證人如有換保或退保必要時，應即函請該團體通知
該員於一個月內，另覓保證人辦妥保證手續或投保員工誠實保證保險。"
"If the above-mentioned financial affairs staff should fail to complete new guarantees within the prescribed period once informed by the notice of guarantee withdrawal/change, they may be moved to other job positions.",前項工作人員於接獲換保或退保通知後，未於規定期限內辦妥保證手續者，得予調整職務。
The remuneration of meeting affairs staff is calculated as per remuneration points. ,會務工作人員之薪給以薪點計算之。
The amount per remuneration point is decided and adjusted by the Board of Directors of the group according to its financial capacity.,每一薪點之薪點值，由理事會視該團體財力訂定或調整後行之。
"The remuneration level, remuneration rank, remuneration points, and amount per remuneration point for meeting affairs staff are handled in accordance with the ""Remuneration Point Schedule for Meeting Affairs Staff of Industrial and Commercial Groups"" (see Appendix).",會務工作人員職稱之薪等、薪級、薪點及薪點值之核給，得參照工商團體會務工作人員待遇薪點表（如附表）規定辦理。
The industrial and commercial groups may stipulate reward and punishment criteria in their service rules with reference to the following Subparagraph:,各團體得參照下列各款於服務規則中訂定考核及獎懲基準：
"With an evaluation result of 90 points which is considered as excellent class, a staff member is advanced two ranks up along with one- to two-month base salary as bonus.",考核總分在九十分以上者為優等，晉薪級二級並給予一個月至二個月薪給之考核獎金。
"With an evaluation result of 80-89 points which is considered as first class, a staff member is advanced one rank up along with one- to one-and-a-half-month base salary as bonus.",考核總分在八十分以上未滿九十分者為甲等，晉薪級一級並給予一個月至一個半月薪給之考核獎金。
"With an evaluation result of 70-79 points which is considered as second class, a staff member is given half- to one-month base salary as bonus.",考核總分在七十分以上未滿八十分者為乙等，給予半個月至一個月薪給之考核獎金。
"With an evaluation result of 60-69 points which is considered as third class, a staff member is not to receive any bonus pay. ",考核總分在六十分以上未滿七十分者為丙等，不予考核獎金。
"With an evaluation result under 60 points which is considered as fourth class, a staff member is not to receive any bonus pay. A staff member who is identified as incompetent may be dismissed.  ",考核總分未滿六十分者為丁等，不予考核獎金，對於所擔任工作確不能勝任者，得予解聘。
The abovementioned standards for the issue of the evaluation bonus is to be approved by the Board of Directors according to the financial capacity of the group.,前項考核獎金之發給基準，由理事會視團體財力核定之。
"If a staff member shall be advanced in rank based on the evaluation result, yet has reached the highest rank under that job title, then this staff member may be granted with the annual remuneration points of one remuneration level up.",年終考核應晉級者，其已至本職稱最高薪級，得支高一薪等之年功薪點
"If a staff member has reached the highest remuneration rank as per annual remuneration points (i.e. no room for rank advancement any more), then this staff member may be granted with an additional bonus of one-month base salary on top of the bonus as mentioned in Subparagraph 1 and 2.","其已達年功薪給最高薪級（無級可晉）者，得依前項第一款、第二款規定發給考核獎金外
，另加發一個月考核獎金。"
"Every year, industrial and commercial groups shall set aside the amount equal to total sum of one to two months’ salary of the meeting affairs staff as reserve funds to pay for resignation, retirement, and pension.","工商團體應按全體會務工作人員一個月至二個月之薪給總額逐年提列退撫
準備基金，作為支付會務工作人員退職、退休或撫卹之準備，並應專列一"
Such reserve funds shall be deposited in a separate account without being used for other purposes. ,目編列，專戶存儲，不得移用。
"As per the provisions of Labor Pension Act, industrial and commercial groups may contribute 6% or above to the special account of employee's individual labor pension account as (part of) the abovementioned reserve funds to pay for retirement and pension.",工商團體依勞工退休金條例規定每月提繳百分之六以上之勞工退休金專戶金額得抵充前項退撫準備基金
"If such a contribution is still insufficient to pay for the retirement or pension, the Board of Directors of industrial and commercial groups may agree to apply for the permission of relevant authorities to retrieve funds from other sources of funds. ",仍有不足支付時，得提經理事會通過報請主管機關核准後動支其他基金。
"Service seniorities accumulated by meeting affairs staff prior to the application of the Labor Standards Act as of Jan. 1st, 2009 shall be retained and cleared with the seniority pay in accordance with Paragraph 2, Article 18, during the valid labor contract period between the staff and the group, according to the financial capacity of the industrial and commercial groups, with the approval of the Board of Directors, and by the agreement of the meeting affairs staff.",會務工作人員於中華民國九十八年一月一日適用勞動基準法前之工作年資應予保留。勞動契約存續期間，工商團體得視其財力，經理事會通過，並徵得會務工作人員同意後，依第十八條第二項給付標準結清。
"For those meeting affairs staff who have cleared their service seniority accumulated prior to the application of the Labor Standards Act, their severance pay, resignation pay, and retirement pay corresponding to service seniority accumulated after the application of the Labor Standards Act shall be handled in accordance with the Labor Pension Act.",會務工作人員依前項規定結清年資者，適用勞動基準法後之資遣費、退職金及退休金，依勞工退休金條例辦理。
The pension pay issued according to the provisions of Article 19 may include the clear-up pension pay amount corresponding to previously-accumulated seniority in accordance with the preceding Paragraph. ,"依第十九條規定給付之撫卹金得含
依前項結清年資之給付金額。"
"Additional reserve funds for resignation, retirement, and pension pay according to Article 15 may not be required to be set up, if the reserve funds set aside by industrial and commercial groups are sufficient to pay meeting affairs staff for their retirement pay, severance pay, and resignation pay corresponding to the previous service seniority prior to Nov. 2nd, 2009.",工商團體已提列會務工作人員之退撫準備基金足以支應本辦法中華民國九十八年十一月二日修正前會務工作人員之退休金、資遣費及退職金時，經理事會通過並報主管機關核定後，得不再提列第二十七條所定退撫準備基金。
One-off lump sum retirement pay shall be paid to meeting affairs staff upon their retirement which shall be handled as follows:,會務工作人員之退休，應依下列規定辦理，並給與一次退休金：
Meeting affairs staff over the age of 65 may face compulsory retirement.,年滿六十五歲者，得強制退休。
"Meeting affairs staff may apply for retirement if they have worked for the group for 25 years, have reached the age of 55 years while serving the group for 15 years, or have reached the age of 60 while serving the group for 10 years.",服務團體滿二十五年，或年滿五十五歲且服務團體滿十五年者，或年滿六十歲且服務團體滿十年者，得申請退休。
"The retirement pay referred to in the preceding Paragraph shall be paid as one-off lump sum, equivalent to their two-month salary times the number of years they have served the group, in accordance with the financial capacity of the group.",前項退休金，應視團體財力，按服務年資，每滿一年發給二個月薪給之一
"The total amount of retirement pay to a staff member shall be capped at the total amount of sixty months’ salary, limited to one-off lump sum only.",發給金額最高以不超過六十個月之薪給總額並以申領一次為限。
The service seniority portion short of one full year is calculated pro rata.,次退休金，未滿一年部分按比率計算之
"The retirement pay, which shall be issued for service seniority accumulated after the application of the Labor Standards Act in accordance with the preceding Paragraph, may include the amount contributed to the employee's individual labor pension account of pension funds according to the Labor Pension Act.  ",適用勞動基準法後之服務年資，依前項應發給之退休金，得含團體依勞工退休金條例提繳至勞工退休金個人專戶之金額。
The retirement age is calculated based on household registration.,退休年齡之計算以戶籍登記為準
The calculation of service seniority is based on the length of continuous services in the same group without inclusion of other service seniorities.,服務年資之計算，以在同一團體連續服務之年資為限，其他年資不計入
The service seniority on which the retirement pay issued in accordance with Paragraph 1 is based is calculated up to age 65 only.,依第一項發給之退休金，其服務年資最高計算至年滿六十五歲止。
"However, this restriction is not applicable with the consent of the Board of Directors.","但經理
事會同意者，不在此限。"
Meeting affairs staff shall be qualified for a one off lump sum pension payment upon one of the following situations:,會務工作人員有下列情形之一者，應給與一次撫卹金：
Work-related death.,因公死亡。
Death due to occupational illness.,在職病故。
"The pension pay referred to in the preceding Paragraph shall be paid as a one-off lump sum, equivalent to their one-month salary times the number of years they have served the group, in accordance with the financial capacity of the group. ",前項撫卹金，應視團體財力，按服務年資，每滿一年者發給一個月薪給之
The service seniority portion short of one full year is calculated pro rata.,一次撫卹金，未滿一年部分按比率計算之
Meeting affairs staff who suffer work-related death are qualified for one-off lump sum of an additional six months’ salary.,因公死亡者，另加發六個月薪給之一次撫卹金
"The pension pay, which shall be issued for service seniority accumulated after the application of the Labor Standards Act in accordance with the preceding Paragraph, may include the amount contributed to the employee's individual labor pension account of pension funds according to the Labor Pension Act The total amount of pension pay to a staff member shall be capped at a total amount of forty months’ salary.",適用勞動基準法後之服務年資，依前項應發給之撫卹金，得含團體依勞工退休金條例提繳至勞工退休金個人專戶之金額，最高以四十個月之薪給總額為限。
"Meeting affairs staff who have met the retirement terms and conditions with reference to Paragraph 1 are entitled to either the pension pay or the retirement pay as per the standards provided, whichever options are more favorable to the staff.","第一項會務工作人員合於退休條件者，按其依撫卹金或退休金規定標準擇優發給。
"
"The salary stipulated in Articles 16 & 18 and the preceding Paragraph shall be based on the last month’s salary while the staff was still on the job working for the group, and shall be submitted by the Chairman of the Board of Directors to the Board of Directors for approval before submitted to relevant authorities for filing and reference.",第十六條、第十八條及前條規定之薪給，應以會務工作人員在職最後薪給金額為計算基準，由理事長提經理事會通過後辦理，並報主管機關備查。
"According to the financial capacity of the industrial and commercial groups, provisions of Article 15 to the preceding article are applicable to the standards for severance pay, resignation pay, retirement pay, and pension pay entitled to by those meeting affairs staff who have already been employed by industrial and commercial groups prior to the application of the Labor Standards Act to the industrial and commercial groups as of Jan. 1st, 2009.",工商團體於中華民國九十八年一月一日適用勞動基準法前已僱用之會務工作人員，其資遣費、退職金、退休金及撫卹金給予標準，應視團體財力，依第十五條至前條規定辦理。
"For those meeting affairs staff who are employed by industrial and commercial groups after the application of the Labor Standards Act to the industrial and commercial groups as of Jan. 1st, 2009, their labor terms and conditions shall be negotiated and discussed between the two parties of employers and employees, while remaining at or above the minimum standards provided by the Labor Standards Act.",工商團體於中華民國九十八年一月一日以後僱用之會務工作人員，其勞動條件由勞資雙方協商議定。但不得低於勞動基準法規定最低標準。
"The Supervisory Regulations are applicable to professional groups as of July 1st, 2009 when the Labor Standards Act becomes applicable to professional groups. ",本辦法於自由職業團體自中華民國九十八年七月一日適用勞動基準法以後，準用之。
The provisions of Articles 15 to 20 are applicable to those meeting affairs staff already employed by professional groups prior to the implementation of the Labor Standards Act.,自由職業團體於適用勞動基準法前已僱用之會務工作人員，準用第十五條至第二十條規定。
The Supervisory Regulations take effect as of the date of promulgation.,本辦法自發布日施行。
Enforcement Rules for Civil Defense Act,民防法施行細則
These Enforcement Rules are enacted pursuant to Article 30 of the Civil Defense Act (hereinafter referred to as “the Act”).,本細則依民防法 (以下簡稱本法) 第三十條規定訂定之。
"The “air attack information transfer” in Subparagraph 1, Article 2 of the Act means that the organ under the Ministry of National Defense that undertakes the task of air control transfers air defense information to the defense information units upon finding enemy airplanes or missiles entering Taiwan",本法第二條第一款所稱空襲之情報傳遞，指國防部所屬負有空中管制任務之單位，發現敵機、飛彈進襲臺灣地區時，對防情單位傳遞防空情報
The “alarm release” refers to the action performed by the civil defense units to start the alarm upon receipt of the order of releasing air attack alarms issued by the air force combat headquarters,所稱警報發放，指防情單位於接獲空軍作戰司令部之空襲警報發放命令後，啟動警報器之作為
"The “supporting military duty” in Subparagraph 4, Article 2 of the Law means that the members of civil defense teams cooperate with the military units of national defense to execute the following affairs:",本法第二條第四款所稱支援軍事勤務，指由民防團隊人員於戰時配合國防軍事單位執行下列事項：
"First-aid repair of military airport, military port, military plant and warehouse and other important facilities.",搶修軍用機場、軍用港口、軍事廠庫等重要設施。
"First-aid repair of war-preparation road and runway as well as railway, highway, bridge, tunnel and other facilities related to movement of troops.",搶修戰備道路、戰備跑道及與部隊運動有關之鐵路、公路、橋樑、隧道等設施。
"Assistance in loading, transportation and unloading of military goods.",協助裝卸運輸軍品。
Assistance in establishment of military obstacles.,協助設置軍事阻絕障礙。
Monitoring the air and reporting the dynamic conditions of enemy airplanes.,"對空監視及報告敵機動態。
"
"Monitoring and reporting airlanding enemies, missile attach and other conditions.",監視、報告敵軍空降、飛彈襲擊等情形。
Assistance in medical operations for the wounded.,協助傷患醫療作業。
Other tasks designated by the Ministry of National Defense based on negotiation with the central regulating department.,其他經國防部協調中央主管機關指定者。
"The “civil defense facilities and equipments” in Subparagraph 8, Article 2 of the Act are as follows:",本法第二條第八款所稱民防設施器材如下：
Air attack information transfer system.,空襲情報傳遞系統。
Air attack alarm release system.,空襲警報發放系統。
Air defense evacuation and refuge facilities.,防空疏散避難設施。
Others designated by the regulating department.,其他經主管機關指定者。
"The “civil defense work related to military duty” referred to in Paragraph 2, Article 3 of the Act includes the following:",本法第三條第二項所稱民防工作與軍事勤務相關者如下：
Transfer of air attack information.,空襲情報傳遞。
Release of air attack alarms.,空襲警報發放。
Air defense evacuation and refuge.,防空疏散避難。
Grouping and utilization of civil defense teams.,民防團隊編組及運用。
 Other tasks designated by the central regulating department based on negotiation with the Ministry of National Defense.,其他經中央主管機關會商國防部指定者。
"When the grouping department (organ) selects civil defense team members pursuant to Paragraph 1, Article 5 of the Act, for those who meet the provisions of Subparagraph 1 to 3, Article 6 of the Act and are not in substitute service training, the grouping department (organ) shall report to the City or County (City) reserve command headquarters under the MND reserve command headquarters at the domicile location of the foresaid persons for examination; for those who are in substitute service training, the grouping department (organ) shall report to the City or County(City) government at the domicile location of the foresaid persons for examination.",編組機關（構）依本法第五條第一項規定遴選民防團隊之人員，有本法第六條第一款至第三款所定情形之一，非服替代役者，應分別送請其戶籍所在地之國防部後備指揮部所屬直轄市、縣（市）後備指揮部審查；服替代役者，應送請其戶籍所在地直轄市、縣（市）政府審查。
"After examination is made, the list of the persons exempted from civil defense teams shall be sent to the grouping department (organ).",並於審查後，將免參加民防團隊之人員列冊，送編組機關（構）。
"The “people with disabilities” in Subparagraph 1, Article 7 of this Act refers to those who hold the disability identifications according to the People with Disabilities Rights Protection Act.",本法第七條第一款所稱身心障礙者，指依身心障礙者權益保障法規定，領有身心障礙證明之人民。
"The “persons not suitable for grouping due to health conditions” in Subparagraph 2, Article 7 of the Act refers to those who are not able to participate in civil defense due to illness, and have the certificates produced by qualified hospitals.",本法第七條第二款所稱健康狀態不適參加編組者，指患病不堪參加民防工作，經評鑑合格之醫院出具證明書者。
"The above-mentioned persons not suitable for grouping shall submit application to the corresponding grouping department (organ), to request the regulating department to approve them to be exempted from participating in civil defense team grouping.",前項不適參加編組者，得向所屬編組機關 ( 構 ) 申請，報請主管機關准許免參加民防團隊編組。
"The “persons not suitable for grouping due to official business” in Subparagraph 3, Article 7 of the Act refers to those who takes government decision responsibilities in central departments, assumes important positions for effectively operating the government, professional technicians in national defense industry undertaking the production of military goods, or other persons designated by the regulating department.",本法第七條第三款所稱依公務性質不適參加編組者，指中央機關負政府決策之權、擔任使政府有效運作之重要職務、負有生產軍需品任務之國防工業專門技術或其他經主管機關認定之人員。
The corresponding departments (organ) of the above-mentioned persons not suitable for grouping shall submit applications to the regulating department for exempting them from participating in civil defense team grouping.,前項不適參加編組者，得由所屬機關（構）向主管機關申請，准許免參加民防團隊編組。
"The information for helping investigation of air defense affairs mentioned in Subparagraph 5, Article 22 of the Act are as follows:",本法第二十二條第五款所稱協助防空事項調查之提出資料如下：
"Quantity, capacity, and configuration of air defense evacuation and refuge facilities.",防空疏散避難設施數量、容量、配置情形。
Enemies airlanding and missile attack conditions.,敵軍空降、飛彈襲擊情形。
Quantity and location of air attack alarm systems.,空襲警報系統數量、位置。
Others designated by the Ministry of National Defense based on negotiation with the central regulating department.,其他經國防部協調中央主管機關指定者。
The formats of the letters and forms mentioned in the Act shall be prescribed by the Central regulating department.,本法所定書、表格式，由中央主管機關定之。
These Rules shall take effect since the Act is enforced.,本細則自本法施行之日施行。
The amended articles hereof shall come into effect as of the day of promulgation.,本細則修正條文自發布日施行。
"Regulations Governing Visiting, Residency, and Permanent Residency of Aliens",外國人停留居留及永久居留辦法
This Regulations is enacted in accordance with Article 35 of the Immigration Act (hereinafter referred to as “the Act”).,本辦法依入出國及移民法（以下簡稱本法）第三十五條規定訂定之。
"The period of stay for an alien entering the country with a visitor visa, or a visa-waiver, starts from the day following entry; an alien shall leave the country before the expiration of the duration of stay.",外國人持停留簽證或以免簽證許可入國者，停留期間自入國翌日起算，並應於停留期限屆滿以前出國。
"Aliens applying for an extension of stay pursuant to paragraph1, Article 31 of the Act, shall submit the following documents and a photograph to the National Immigration Agency of the Ministry of the Interior (hereinafter referred to as “NIA”) within fifteen(15) days before the expiration of the duration of stay:",外國人依本法第三十一條第一項規定申請延期停留時，應於停留期限屆滿前十五日內，檢具下列文件及照片一張，向內政部入出國及移民署（以下簡稱入出國及移民署）申請延期：
An application form,申請書
The passport,護照
The visitor visa,停留簽證
Other supporting documents,其他證明文件
"Each extension granted shall not exceed the duration of stay permitted by the original visitor visa, with the total duration of stay not exceeding six months.",每次延期，不得逾原簽證許可停留之期間，其合計停留期間，並不得逾六個月。
"However, an alien who can provide supporting documentation of the following circumstances may be granted an extension to his/her duration of stay at the discretion of the NIA:",但有下列情形之一並提出證明者，入出國及移民署得酌予再延長其停留期間：
"Being pregnant for over seven months, or having given birth or undergone an abortion within the past two months",懷胎七個月以上或生產、流產後二個月未滿。
"Being hospitalized due to illness or pregnancy, for which the exit aboard a plane or ship may endanger his/her well being",罹患疾病住院或懷胎，搭機、船出國有生命危險之虞。
"The spouse, any blood relative whose kinship with the alien is lineal or collateral within the third-degree, or any in-law relative within the second-degree of kinship; any of the aforesaid whose household registration is within the Taiwan Area, having been hospitalized due to serious illness or injury necessitating the care of another, or having died and the funeral for whom requires one to organize and manage such",在臺灣地區設有戶籍之配偶、直系血親、三親等內之旁系血親、二親等內之姻親，在臺灣地區患重病或受重傷住院需人照顧，或死亡需辦理喪葬事宜。
Being subjected to natural disaster or other inevitable major incident,遭遇天災或其他不可避免之事變。
Being constrained by law upon the personal freedom.,人身自由依法受拘束。
An extension granted in accordance with subparagraphs 1 and 2 of the preceding paragraph shall not exceed two months.,依前項第一款或第二款規定之延長停留期間，每次不得逾二個月
An extension granted in accordance with subparagraph 3 of the preceding paragraph shall not exceed two months from the occurrence of the condition. ,第三款規定之延長停留期間，自事由發生之日起不得逾二個月
An extension granted in accordance with subparagraph 4 of the preceding paragraph shall not exceed one month.,第四款規定之延長停留期間，不得逾一個月
An extension granted in accordance with subparagraph 5 of the preceding paragraph shall be determined according to the specific circumstance.,第五款規定之延長停留期間，依事實需要核給。
"Having made entry under a visa-waiver, or a visa applied for upon the arrival, any alien who is unable to leave Taiwan before the expiration of the duration of stay due to any of the conditions stated in the subparagraphs of Article 4 of the Enforcement Rules for Issuance of ROC Visas on Foreign Passports, shall apply for a visitor visa with the Bureau of Consular Affair of the Ministry of Foreign Affair, or one of its subordinate branches.",外國人以免簽證許可入國或抵我國時申請簽證入國，有外國護照簽證條例施行細則第四條各款情形之一，無法於停留期限屆滿前出國者，應向外交部領事事務局或其所屬分支機構申請停留簽證。
Any alien upon entry into the country with a resident visa may apply for residency with the National Immigration Agency by submitting the following documents and a photograph; an Alien Resident Certificate shall be issued upon approval:,外國人持居留簽證入國後，應檢具下列文件及照片一張，向入出國及移民署申請居留，經許可者，發給外僑居留證：
"Applicants applying for Alien Resident Certificate pursuant to paragraphs 1 to 3, Article 26 of the Act shall be exempted from submitting the document stated in subparagraph 2 of the preceding Article.",依本法第二十六條第一款至第三款規定申請居留證者，免附前項第二款文件。
"Any alien meeting one of the conditions stated in subparagraphs 1 to 5, paragraph 1, Article 23 of the Act, may apply for residency with the National Immigration Agency by submitting the following documents and a photograph; upon approval, the alien shall be issued an Alien Resident Certificate:",外國人有本法第二十三條第一項第一款至第五款情形之一者，得檢具下列文件及照片一張，向入出國及移民署申請居留，經許可者，發給外僑居留證：
"The applicant applying in accordance with one of the conditions stated in subparagraph 1, paragraph1, Article 23 of the Act may file the application 30 days before the expiration of his/her duration of stay. ",依本法第二十三條第一項第一款情形之一申請者，得自停留期限屆滿前三十日
"The applicant applying in accordance with one of the conditions stated in subparagraphs 2 to 5, paragraph 1, Article 23 of the Act may file the application fifteen(15) days before the expiration of his/her duration of stay.",依本法第二十三條第一項第二款至第五款情形之一者，得自停留期限屆滿前十五日，辦理前項申請程序。
The validity of Alien Permanent Resident Certificate applied for in accordance with the preceding paragraph shall begin from the date of its issuance.,依前項規定申請之外僑居留證，其效期自核發日起算。
Stateless person who entered Taiwan with a visitor visa may not apply for residency.,無國籍人民持停留簽證入國者，不得申請居留。
"If a particular individual holds a valid visa whose duration of stay is at least 60 days and has not been prohibited from extending the duration of stay or any other restriction, or has special circumstances verified by other government agencies commissioned by competent authorities shall not be excluded.",但持停留期限在六十日以上，且未經簽證核發機關加註限制不准延期或其他限制之有效簽證入國，有特殊情形經主管機關會同相關機關專案審查許可者，不在此限。
"Any alien born in Taiwan may apply for the Alien Resident Certificate through his/her parent, custodian, or a child and juvenile welfare organization.",在我國出生之外國人，由其父母、監護人或兒童及少年福利機構申請外僑居留證。
"Stateless persons of Thailand, Myanmar, or Indonesia who entered Taiwan and had not been deported before the Act became effective on May 21, 1999, shall submit the following document and a photograph to the National Immigration Agency; an Alien Resident Certificate shall be issued upon approval:",中華民國八十八年五月二十一日本法施行前已入國之泰國、緬甸或印尼地區無國籍人民未能強制其出國者，應檢具下列文件及照片一張，向入出國及移民署申請居留，經許可者，發給外僑居留證：
Any children of the stateless person stated in the preceding paragraph may along apply for residency.,前項無國籍人民在臺灣地區出生之子女，得隨同申請居留。
The validity of the Alien Resident Certificates issued pursuant to this Article shall begin from the day of its issuance.,依本條規定申請之外僑居留證，其效期自核發日起算。
"Aliens who are permitted to reside in the Taiwan Area, having reached the age of 20 years old (or more), having a parent holding an ARC or APRC, and having met one of the following conditions may apply for the extension of the residency：",外國人經許可在臺灣地區居留，年齡在二十歲以上，其父或母持有外僑居留證或外僑永久居留證，且有下列情形之一者，得申請延期居留：
"Aliens applying for an extension of residency pursuant to paragraph 1, Article 31 of the Act, shall submit the following document and a photograph to the National Immigration Agency within thirty(30) days before the expiration of residency:",外國人依本法第三十一條第一項規定申請延期居留時，應於居留期限屆滿前三十日內，檢具下列文件及照片一張，向入出國及移民署提出：
Having stayed in Taiwan for an accumulated 10 years in total and residing for over 270 days each year.,曾在我國合法累計居留十年，每年居住超過二百七十日。
 Having entered Taiwan under the age of 16 and stayed over 270 days each year.,未滿十六歲入國，每年居住超過二百七十日。
"Born in Taiwan, having resided in Taiwan for a minimum accumulated period of at least 10 years in total and having stayed over 183 days each year.",在我國出生，曾在我國合法累計居留十年，每年居住超過一百八十三日。
The alien mentioned in the preceding paragraph should bring the following documents with one photograph to apply to the National Immigration Agency for extension within 30 days before the expiration of his/her residency.,前項外國人應於居留期限屆滿前三十日內，檢具下列文件及照片一張，向入出國及移民署提出：
The validity of Alien Resident Certificate issued to the following aliens shall not exceed one year:,下列外國人之外僑居留證，其效期最長不得逾一年：
"Anyone undertaking study in a school, or a Chinese language institute affiliated with an university, registered with the education competent authorities;",在教育主管機關立案之學校或大學附設之華語文中心就學之人員。
Anyone undergoing study or training with the approval of the education or other competent authorities,經教育或其他有關主管機關核准，在我國研習、受訓之人員。
A foreign missionary or Buddhist preacher,外籍傳教及弘法人士。
First-time applicant of residency based on the marriage to an citizen ROC national,與臺灣地區設有戶籍國民結婚，初次申請依親居留者。
Any others for whom such residency is necessary.,其他有居留需要之人員。
"Where the alien stated in subparagraph 1 of the preceding Article is a recipient of a university scholarship award under the special approval of the Ministry of Education, the validity of Alien Resident Certificate thereof shall be exempted from the one year restriction.",前項第一款人員，係經教育部專案核列大學之獎學金受獎者，得不受最長有效居留期間一年之限制。
3 years of extension is granted for the ARC holder mentioned in paragraph 2 of the preceding Article following the expiration of the ARC holder. ,前條第二項外國人申請延期居留經許可核發之外僑居留證，其效期自原居留期限屆滿之翌日起延期三年
A second extension for the ARC holder with an additional maximum 3 years is permitted if meets certain requirements.,必要時，得再申請延期一次，期間不得逾三年
"The validity of Alien Resident Certificate issued to an alien, whose residency is granted on the joint-family basis, shall correspond with the validity of residency for the joint-family relative; where the joint-family relative is a ROC national, the validity of Alien Resident Certificate shall not exceed three(3) years.",外國人以依親為居留原因取得之外僑居留證，以其所依親屬之居留效期為居留效期，其所依親屬為我國國民者，外僑居留證效期最長不得逾三年。
Aliens applying for permanent residency shall submit to the NIA the following documents and a photograph; an Alien Permanent Resident Certificate shall be issued upon approval:,外國人申請永久居留，應檢具下列文件及照片一張，向入出國及移民署申請永久居留，經許可者，發給永久居留證：
A Health Certificate indicating good health,健康檢查合格證明。
The document attesting to one’s the wealth or special skills to be self-sufficient,足以自立之財產或特殊技能證明。
The police records of the past five(5) years issued by both Taiwan and applicant’s country of origin,最近五年內之本國及我國警察刑事紀錄證明。
"Aliens applying pursuant to paragraphs 3 and 4, Article 25 of the Act shall also submit the approval document issued by the related central competent authorities or an authorized organization, and shall be exempted from submitting the documents stated in subparagraphs 3, 5, and 6 of the preceding paragraph.   ",依本法第二十五條第三項及第四項規定申請者，應另檢附經中央目的事業主管機關或經認可機構核發之證明文件；免附前項第三款、第五款及第六款文件。
"Aliens applying for permanent residency, during the 5 years of stay and have not
 left the State for over 3 months during any particular trip out of the country, shall be exempted from submitting the documents and the no criminal record of the original country respectively stated in subparagraphs 4 and 6 of Paragraph 1 of Article 11.",外國人申請永久居留，於合法連續居留五年期間，每次出國在三個月以內者，得免附第一項第四款文件及第六款之本國刑事紀錄證明。
The examinations necessary for a satisfactory Health Certificate stated in subparagraph 4 of paragraph 1 shall be undertaken in accordance with the requirements for Health Certificate determined by the Department of Health of the Executive Yuan.,第一項第四款所定健康檢查合格證明之檢查項目，依中央衛生主管機關訂定之健康檢查證明應檢查項目表辦理。
"Aliens whose ARC have been repealed in accordance with Subparagraph 4 of Article 33 and still qualify for staying, shall apply for residency within 30 days following the repealing of the ARC.",外國人經依本法第三十三條第四款規定註銷外僑永久居留證，仍具有居留資格者，得於註銷後三十日內申請居留。
The National Immigration Agency may grant permanent residency to aliens applying for investment immigration to Taiwan who have met one of the following conditions:,外國人申請在我國投資移民，有下列情形之一者，入出國及移民署得准予永久居留：
"Having invested worth over NTD(New Taiwan Dollar)15,000,000 in a for-profit enterprise, and having created five or more job opportunities for ROC nationals for over 3 years;",投資金額新臺幣一千五百萬元以上之營利事業，並創造五人以上之本國人就業機會滿三年。
"Having invested worth over NTD (New Taiwan Dollar) 30,000,000 in Central Government Bonds, for over 3 years.",投資中央政府公債面額新臺幣三千萬以上滿三年。
"The spouse and any underage children of any alien whose application for permanent residency is approved based upon investment immigration, may also apply for permanent residency.",外國人申請在我國投資移民獲准永久居留後，其配偶及未成年子女亦得申請永久居留。
"In accordance with paragraph 1, Article 28 of the Act, aliens over 14 years of age inside Taiwan’s national border, shall carry on his/her person the passport, the Alien Resident Certificate, or the Alien Permanent Resident Certificate.",十四歲以上之外國人在我國境內應依本法第二十八條第一項規定，隨身攜帶護照、外僑居留證或外僑永久居留證。
"Should an alien have none of the documents stated in the preceding paragraph, another identification document designated by the competent authorities shall be carried upon his/her person.","無前項證件者，應攜帶經主管機關認定之其他身分證明文件。

 "
"Any ROC citizen currently residing in the Taiwan Area who has entered Taiwan with a foreign passport and is applying for residency, or an extension of stay or residency, shall first register with the Household Registration Office his/her place of residency in the foreign country, before the NIA may accept his/her application.",居住臺灣地區設有戶籍國民，持外國護照入國者，申請停留延期、居留或居留延期，應先至戶政事務所辦理戶籍遷出登記，入出國及移民署始得受理其申請。
"With respect to the application stated in the preceding paragraph, the NIA shall not accept the application filed by a draft-age, or near draft-age, male whose military service obligation has not been completed, and under one of the following conditions:",前項申請，尚未履行兵役義務之接近役齡男子或役齡男子，有下列情形之一者，入出國及移民署不受理其申請：
Having neither an Overseas Compatriot Identity Certificate nor a notation of Overseas Chinese Status marked on his ROC passport for the purpose of military service exemption,未持有役政用華僑身分證明書或僑居身分加簽之我國護照
Being an overseas Chinese draftee who has resided in the Taiwan Area for over one year,僑民役男居住臺灣地區屆滿一年
Having been subjected to conscription in accordance with the law and is being restricted from leaving the country,依法應接受徵兵處理，並限制其出境
"Having been granted residency pursuant to any of the conditions stated in the subparagraphs of paragraphs 1, Article 23 of the Act, after entry into Taiwan with a visitor visa; an alien whose condition underlying his/her residency has changed, shall apply to amend the basis of residency with the NIA within thirty(30) days from the occurrence of such change; the validity of residency shall be determined upon review.",外國人持停留簽證入國，而有本法第二十三條第一項各款情形之一，經核准居留後，因居留原因變更，應自事實發生日起三十日內逕向入出國及移民署申請變更，並重新核定居留期間。
"However, any change of residency not matching any of the conditions stated in the subparagraphs of Article 23 of the Act, the alien applying shall within fifteen(15) days from the occurrence of such change, first reapply for resident visa with the Bureau of Consular Affair of the Ministry of the Foreign Affairs, or its subordinate branch, before applying with the National Immigration Agency.",原因非屬本法第二十三條第一項各款情形之一者，應自事實發生後十五日內向外交部領事事務局或其所屬分支機構重新申請居留簽證後，向入出國及移民署申請居留。
"According to Subparagraph 4 of Article 33 of the Act, if the length of stay in the State does not exceed 183 days in a year, the year counts for permanent residency will begin counting from January first of the following year.",本法第三十三條第四款規定每年居住未達一百八十三日，其年之計算自永久居留證發證後翌年起之一月一日開始計算。
"The period of each departure permitted in the proviso stated subparagraph 4, Article 33 of the Act is to a maximum of two years.",本法第三十三條第四款但書所定出國，期期間每次最長以二年為限。
"Any alien who seeks to exit and re-enter Taiwan, shall apply to the National Immigration Agency for a re-entry permit in accordance with Article 34 of the Act.","外國人於居留期間內，有出國後再入國之必要者，應依本法第三十四條規定，於出國前向入出國及移
民署申請核發重入國許可。"
The re-entry permits stated in the preceding paragraph shall be either the single re-entry permits or the multiple re-entry permits; the validity thereof shall not exceed the validity of the Alien Resident Certificate.,前項重入國許可分為單次及多次使用二種，其效期，不得逾外僑居留證之效期。
The application for multiple re-entry permits may be submitted along with the application for the Alien Resident Certificate.,申請外僑居留證，可同時申請多次重入國許可。
"However, any alien who is being employed in Taiwan pursuant to subparagraphs 8 to 10, paragraph 1, Article 46 of the Employment Services Act shall only be eligible to apply for a single re-entry permits.",但依就業服務法第四十六條第一項第八款至第十款來臺工作者，應申請單次重入國許可。
"Upon cancellation of the Alien Resident Certificate, the associated re-entry permits shall be deemed as canceled concurrently.",外僑居留證經註銷者，其重入國許可視同註銷。
Aliens with permanent resident status may make multiple re-entries with the Alien Permanent Residency Certificate and a valid passport.,經許可永久居留之外國人得持憑外僑永久居留證及有效護照重入國。
"Any related competent authorities, or related authorities, upon the discovery or knowledge of an alien whose basis for stay or residency is no longer applicable, shall notify the NIA.",外國人停留、居留原因消失，經目的事業主管機關或相關機關查獲或知悉者，應通報入出國及移民署。
"An alien, the residency for whom is granted based on the investment in Taiwan, the employment in Taiwan pursuant to subparagraphs 1 to 7 of paragraph 1 of Article 46 or subparagraph 1 and subparagraph 3  of Paragraph 1 of Article 48 of the Employment Services Act or the proviso of paragraph 1 of Article 5 and paragraph 1 of Article 6 of Act for the Recruitment and Employment of Foreign Professionals, or the special approval by the Ministry of the Foreign Affairs under special circumstances, may submitted a written explanation to extend the length of stay from the National Immigration Agency prior to the expiration of the residency. ",外國人來臺投資，或依就業服務法第四十六條第一項第一款至第七款、第四十八條第一項第一款、第三款或外國專業人才延攬及僱用法第五條第一項但書、第六條第一項應聘來臺，或經外交部專案核准居留，於居留效期屆滿前
"Foreign special professional’s spouse and minor children, and children over twenty years old who are unable to live independently due to physical or mental disability can also apply through the same process after verified for residency",本人及其原經核准居留之配偶、未成年子女及滿二十歲以上，因身心障礙無法自理生活之子女，得以書面敘明理由，向移民署申請延期，經許可者
"Upon approval, the effective period of  his/her ARC shall be extended to 6 months from the next day of the date of the expiration of the time limit for the original residence.",其外僑居留證之有效期間，自原居留效期屆滿之翌日起延期六個月
"Before the extended period expires, if necessary, the alien can re-apply one time for further extension.",延期屆滿前，有必要者，得再申請延長一次
The total extended period of residency is one year at most.,總延長居留期間最長為一年
"An alien entering Taiwan for studying, if necessary, should submit the reasons in writing to apply to the National Immigration Agency for an extension of his/her ARC before expiration.",外國人來臺就學，於居留期限屆滿前，有必要者，得以書面敘明理由，向移民署申請延期。
The valid time period of the ARC in accordance with the extension rules set forth in the preceding paragraph is 6 months following the expiration of his/her ARC.,依前項規定申請居留延期經許可者，其外僑居留證之有效期間，自原居留效期屆滿之翌日起延期六個月
"Before the extended period expires, if necessary, the alien can re-apply one time for further extension. The total extended period of residency is one year at most.",延期屆滿前，有必要者，得再申請延長一次，總延長居留期間最長為一年
"Upon the death of any alien within Taiwan’s national borders, the related party; or the embassy, or an authorized organization, of the country of origin; shall register his/her death with the NIA within fifteen(15) days from the occurrence of such; or the National Immigration Agency may register his/her death after an investigation to verify the matter.",外國人在我國境內死亡，由其關係人或其本國駐華使領館或授權機構於十五日內，向入出國及移民署辦理登記或由入出國及移民署查明後逕為登記。
"Upon registering the death of any alien, the NIA shall immediately forward the matter to, where the estate tax thereof may be applicable, the local tax collection competent authorities of the Central Government.",入出國及移民署辦理前項登記後，應即將登記事項通知其遺產稅中央政府所在地之主管稅捐稽徵機關。
"Any alien unable to be deported due to the refusal by the country of issuance of his/her passport, or other countries, to receive the alien, may be issued a provisional alien registration permit for stay, subject to limitations on his/her place of residence and other conditions.",外國人因原發照國家或其他國家拒絕接納其入國而無法強制驅逐出國者，得在限定其住居所或附加其他條件後，核發臨時外僑登記證。
The effective date of the Regulations shall be determined by the Ministry of the Interior.,本辦法施行日期，由內政部定之。
"Regulations for the Minimum Standards of Seafarer Wages, On-Shore Charges, and Overtime Charges",船員薪資岸薪及加班費最低標準
"These regulations have been established pursuant to Paragraph 1, Article 27 of the Seafarer Act.",本標準依船員法第二十七條第一項規定訂定之。
The keywords used in these regulations are defined as follows:,本標準所用名詞定義如下：
1.Wages: the remuneration received by seafarers for their regular working hours.,一、薪資：指船員於正常工作時間內所獲得之報酬。
"2.On-shore charges: the pay that an employer should provide to a seafarer upon signing an employment contract and waiting to be assigned to a vessel, or while a said seafarer is receiving training or taking examinations.","二、岸薪：指船員於簽訂僱傭契約後，在岸上等候派船及雇用人選派船員
    參加訓練或考試期間，雇用人應發給之薪資。"
3.Overtime charges: additional remuneration that employers shall provide to seafarers based on the amount of time they spend working over 44 hours per week.,"三、加班費：指船員每週工作總時數超過四十四小時，雇用人應依超過之
    時數加發給該船員相對之報酬。"
The minimum monthly wage paid to seafarers of the Republic of China (R.O.C.) by employers shall be subject to the regulations of the Minimum Monthly Wage for R.O.C. Seafarers (attached).,雇用人僱用中華民國船員之最低每月薪資標準，應依船員最低月薪資表（附表）之規定。
"Once seafarers have signed an employment contract, their minimum monthly on-shore charges shall comply with the minimum wage standards mentioned in the preceding paragraph.",船員於簽訂僱傭契約後，每月岸薪最低標準應相當於前項最低月薪資標準。
"Once the standards for the seafarers’ minimum monthly wage come into effect, the proposals to adjust wages shall be agreed upon by the National Association of Chinese Ship-owners, National Chinese Seaman’s Union, and the Master Mariners Association every year; such adjustments shall be implemented once submitted to the Maritime Administration and subsequently approved.","船員最低月薪資標準施行後，每年得由中華民國輪船商業同業公會全國聯
合會、中華海員總工會及中華民國船長公會協議調整方案，報請航政機關
核定後調整之。"
"When employers contract seafarers from the R.O.C., such seafarers shall be assigned actual work aboard a vessel within one month of signing the employment contract.",雇用人僱用中華民國船員，應自簽訂僱傭契約之日起一個月內實際派船工
" In this period, seafarers cannot transfer to the ship of another employer without permission from the original employer. ",作，在此期間，非經雇用人同意，船員不得要求轉移至其他雇用人船上工作。
"However, this requirement is exempt if both sides reach an agreement and any on-shore charges that had already been paid are returned by the seafarer.",但經雙方同意並退還已領之岸薪者，不在此限。
"While seafarers are receiving on-shore charges, if they do not report to the ship on the specified date or refuse to board the ship after receiving an official notification from the employer, the employer can discontinue payment of the seafarers’ on-shore charges, and said seafarers are required to return any previous on-shore charges that they have received.",船員支領岸薪期間，經雇用人正式通知派船工作，船員未依規定日期報到或拒絕上船時，雇用人得停付該船員之岸薪，船員並應退還已領之岸薪。
"If seafarers do not receive their on-shore charges on the date specified in the employment contract, such seafarers shall immediately request a transfer to another employer’s ship.",未依僱傭契約規定按月支付岸薪者，船員得隨時要求轉移至其他雇用人船上工作，
The original employer may not demand compensation and shall not confiscate any certification.,雇用人不得要求賠償，亦不得扣留各項證件，
The original employer shall also pay any unpaid on-shore charges.,並應補發未發之岸 薪。
The minimum standards for overtime charges per hour shall be determined according to the total number of hours worked beyond the seafarers’ regular schedule.,船員每小時加班費最低標準，以船員實際月薪資整除船員每月正常工作時間總時數計算之。
"Employers shall provide an appropriate method for transmitting all or part of the seafarers’ earnings to their families, dependents, or legal beneficiaries in accordance with the wish of the seafarers.",雇用人應依受僱船員意願，提供將受僱船員收入全部或部分轉撥予其家人、受贍養人或法定受益人之匯寄服務。
The aforementioned earnings of the seafarers are a combination of their wages and on-shore and overtime charges.,前項受僱船員收入，係指船員岸薪、薪資及加班費之總和。
"Any charge for the service transmission service mentioned in paragraph 1 shall be reasonable, and, unless otherwise provided, the rate of currency shall comply with national laws and regulations.",第一項服務收費之數額應合理，匯率除另行訂定外，應以法定為準。
These regulations shall take effect starting from the date on which they are issued.,本標準自發布日施行。
"However, Article 6, which was issued with the July 18, 2013 amendments, shall take effect starting from August 20, 2013; and the attachment to Paragraph 1, Article 3, which was issued with the August 6, 2015 amendments, shall take effect starting from July 1, 2015.",但中華民國一百零二年七月十八日修正發布之第六條，自一百零二年八月二十日施行；中華民國一百零四年八月六日修正發布之第三條第一項附表，自一百零四年七月一日施行。